country,country_code,region_wb,income_level,hui_daly_per_work_year,living_wage_usd_year,hui_daly_per_usd,hui_usd_per_usd,unit,capital,pathway,source
Afghanistan,AFG,South Asia,Low income,0.823,5741.170185359439,3.583764169274814e-05,2.130404448067106,USD/USD,Human Capital,Income / wage impacts,HUI 2023 | VI — Valuing Impact
Albania,ALB,Europe & Central Asia,Upper middle income,0.307,8016.729133098806,9.573729974625307e-06,0.569119952071576,USD/USD,Human Capital,Income / wage impacts,HUI 2023 | VI — Valuing Impact
Algeria,DZA,Middle East & North Africa,Lower middle income,0.392,5583.333009673703,1.7552239823453994e-05,1.0434104485450462,USD/USD,Human Capital,Income / wage impacts,HUI 2023 | VI — Valuing Impact
Angola,AGO,Sub-Saharan Africa,Lower middle income,0.696,10313.09280130046,1.6871757420631272e-05,1.0029584916268466,USD/USD,Human Capital,Income / wage impacts,HUI 2023 | VI — Valuing Impact
Antigua and Barbuda,ATG,Latin America & Caribbean,High income,0.338,17154.385940313674,4.925853964928044e-06,0.2928223147991125,USD/USD,Human Capital,Income / wage impacts,HUI 2023 | VI — Valuing Impact
Argentina,ARG,Latin America & Caribbean,Upper middle income,0.216,7941.123188541932,6.8000456255250375e-06,0.4042355122549614,USD/USD,Human Capital,Income / wage impacts,HUI 2023 | VI — Valuing Impact
Armenia,ARM,Europe & Central Asia,Upper middle income,0.341,17242.294671759824,4.944237505674122e-06,0.29391514276230385,USD/USD,Human Capital,Income / wage impacts,HUI 2023 | VI — Valuing Impact
Australia,AUS,East Asia & Pacific,High income,0.115,23709.31939961279,1.2126033445088911e-06,0.07208441841767554,USD/USD,Human Capital,Income / wage impacts,HUI 2023 | VI — Valuing Impact
Austria,AUT,Europe & Central Asia,High income,0.105,17751.214910094146,1.4787720239403478e-06,0.08790708173515792,USD/USD,Human Capital,Income / wage impacts,HUI 2023 | VI — Valuing Impact
Azerbaijan,AZE,Europe & Central Asia,Upper middle income,0.378,7098.544231587857,1.3312588738897175e-05,0.7913801501724814,USD/USD,Human Capital,Income / wage impacts,HUI 2023 | VI — Valuing Impact
"Bahamas, The",BHS,Latin America & Caribbean,High income,0.272,17424.003643145457,3.902662177573119e-06,0.23199765580801163,USD/USD,Human Capital,Income / wage impacts,HUI 2023 | VI — Valuing Impact
Bangladesh,BGD,South Asia,Lower middle income,0.603,4936.033204476258,3.0540718377520606e-05,1.81552354467009,USD/USD,Human Capital,Income / wage impacts,HUI 2023 | VI — Valuing Impact
Barbados,BRB,Latin America & Caribbean,High income,0.272,24636.15013834276,2.7601715210432743e-06,0.1640811562399385,USD/USD,Human Capital,Income / wage impacts,HUI 2023 | VI — Valuing Impact
Belarus,BLR,Europe & Central Asia,Upper middle income,0.256,7205.6006823128355,8.881979840639385e-06,0.5279981736066489,USD/USD,Human Capital,Income / wage impacts,HUI 2023 | VI — Valuing Impact
Belgium,BEL,Europe & Central Asia,High income,0.185,18935.238116272212,2.442535959463564e-06,0.14519899264627104,USD/USD,Human Capital,Income / wage impacts,HUI 2023 | VI — Valuing Impact
Belize,BLZ,Latin America & Caribbean,Upper middle income,0.45,14392.598680671419,7.816517537662061e-06,0.4646607015438589,USD/USD,Human Capital,Income / wage impacts,HUI 2023 | VI — Valuing Impact
Benin,BEN,Sub-Saharan Africa,Lower middle income,0.761,8021.373162836333,2.371788422479128e-05,1.4099333456269425,USD/USD,Human Capital,Income / wage impacts,HUI 2023 | VI — Valuing Impact
Bhutan,BTN,South Asia,Lower middle income,0.563,7120.32703646302,1.9767350471294746e-05,1.1750899161165875,USD/USD,Human Capital,Income / wage impacts,HUI 2023 | VI — Valuing Impact
Bolivia,BOL,Latin America & Caribbean,Lower middle income,0.447,6781.712174891298,1.6478139608127976e-05,0.9795594871447757,USD/USD,Human Capital,Income / wage impacts,HUI 2023 | VI — Valuing Impact
Bosnia and Herzegovina,BIH,Europe & Central Asia,Upper middle income,0.334,6218.806334286326,1.3427014046029544e-05,0.7981822769802723,USD/USD,Human Capital,Income / wage impacts,HUI 2023 | VI — Valuing Impact
Botswana,BWA,Sub-Saharan Africa,Upper middle income,0.416,10146.834849809482,1.0249501597234798e-05,0.6092918719492199,USD/USD,Human Capital,Income / wage impacts,HUI 2023 | VI — Valuing Impact
Brazil,BRA,Latin America & Caribbean,Upper middle income,0.361,7447.434814208913,1.2118266524174553e-05,0.7203824717960805,USD/USD,Human Capital,Income / wage impacts,HUI 2023 | VI — Valuing Impact
Brunei Darussalam,BRN,East Asia & Pacific,High income,0.228,12541.937402299718,4.544752391249246e-06,0.2701673506502027,USD/USD,Human Capital,Income / wage impacts,HUI 2023 | VI — Valuing Impact
Bulgaria,BGR,Europe & Central Asia,Upper middle income,0.127,8442.841326446294,3.76058234098828e-06,0.22355157784238927,USD/USD,Human Capital,Income / wage impacts,HUI 2023 | VI — Valuing Impact
Burkina Faso,BFA,Sub-Saharan Africa,Low income,0.931,8114.133541912486,2.8684516812270908e-05,1.7051797864222564,USD/USD,Human Capital,Income / wage impacts,HUI 2023 | VI — Valuing Impact
Burundi,BDI,Sub-Saharan Africa,Low income,0.965,7780.9852127522045,3.100507113220277e-05,1.8431274585249258,USD/USD,Human Capital,Income / wage impacts,HUI 2023 | VI — Valuing Impact
Cabo Verde,CPV,Sub-Saharan Africa,Lower middle income,0.543,10326.299394028585,1.314604533725804e-05,0.7814798111186415,USD/USD,Human Capital,Income / wage impacts,HUI 2023 | VI — Valuing Impact
Cambodia,KHM,East Asia & Pacific,Lower middle income,0.672,9901.37638612647,1.6967338019327987e-05,1.0086403758969715,USD/USD,Human Capital,Income / wage impacts,HUI 2023 | VI — Valuing Impact
Cameroon,CMR,Sub-Saharan Africa,Lower middle income,0.729,15099.687583811643,1.2069786145468997e-05,0.71750050720355,USD/USD,Human Capital,Income / wage impacts,HUI 2023 | VI — Valuing Impact
Canada,CAN,North America,High income,0.076,21554.328700633458,8.814934700073314e-07,0.05240126081805582,USD/USD,Human Capital,Income / wage impacts,HUI 2023 | VI — Valuing Impact
Central African Republic,CAF,Sub-Saharan Africa,Low income,1.031,10495.752317574357,2.455755358940938e-05,1.45984833067603,USD/USD,Human Capital,Income / wage impacts,HUI 2023 | VI — Valuing Impact
Chad,TCD,Sub-Saharan Africa,Low income,1.029,10302.19134448688,2.4970415652167524e-05,1.4843913288587507,USD/USD,Human Capital,Income / wage impacts,HUI 2023 | VI — Valuing Impact
Chile,CHL,Latin America & Caribbean,High income,0.206,10086.177401298257,5.105997837532691e-06,0.30353114744996834,USD/USD,Human Capital,Income / wage impacts,HUI 2023 | VI — Valuing Impact
China,CHN,East Asia & Pacific,Upper middle income,0.369,10882.699610522217,8.476756990591353e-06,0.5039092960626936,USD/USD,Human Capital,Income / wage impacts,HUI 2023 | VI — Valuing Impact
Colombia,COL,Latin America & Caribbean,Upper middle income,0.358,6255.203839155062,1.4308086882759273e-05,0.8505585328325078,USD/USD,Human Capital,Income / wage impacts,HUI 2023 | VI — Valuing Impact
Comoros,COM,East Asia & Pacific,Lower middle income,0.745,9413.570343233665,1.9785266716987327e-05,1.1761549652580285,USD/USD,Human Capital,Income / wage impacts,HUI 2023 | VI — Valuing Impact
"Congo, Dem. Rep.",COD,Sub-Saharan Africa,Low income,0.88,11542.615905418681,1.9059804276838236e-05,1.1330291250409257,USD/USD,Human Capital,Income / wage impacts,HUI 2023 | VI — Valuing Impact
"Congo, Rep.",COG,Sub-Saharan Africa,Lower middle income,0.709,14118.47875417576,1.2554468727558593e-05,0.7463129479784482,USD/USD,Human Capital,Income / wage impacts,HUI 2023 | VI — Valuing Impact
Costa Rica,CRI,Latin America & Caribbean,Upper middle income,0.279,14035.710913798037,4.969466842711267e-06,0.295414925931814,USD/USD,Human Capital,Income / wage impacts,HUI 2023 | VI — Valuing Impact
Cote d'Ivoire,CIV,Sub-Saharan Africa,Lower middle income,0.774,9262.962655013083,2.088964483682534e-05,1.2418058269699193,USD/USD,Human Capital,Income / wage impacts,HUI 2023 | VI — Valuing Impact
Croatia,HRV,Europe & Central Asia,High income,0.076,10323.22124721115,1.8405107809864007e-06,0.10941100388651757,USD/USD,Human Capital,Income / wage impacts,HUI 2023 | VI — Valuing Impact
Cuba,CUB,Latin America & Caribbean,Upper middle income,0.328,11294.328816476453,7.2602809190729716e-06,0.43159465951521186,USD/USD,Human Capital,Income / wage impacts,HUI 2023 | VI — Valuing Impact
Cyprus,CYP,Europe & Central Asia,High income,0.139,19416.0307764512,1.7897581848781709e-06,0.10639396505826774,USD/USD,Human Capital,Income / wage impacts,HUI 2023 | VI — Valuing Impact
Czech Republic,CZE,Europe & Central Asia,High income,0.198,14241.389245453047,3.475784500153609e-06,0.20662148539613143,USD/USD,Human Capital,Income / wage impacts,HUI 2023 | VI — Valuing Impact
Denmark,DNK,Europe & Central Asia,High income,0.133,31369.736213701442,1.0599387821908847e-06,0.06300912084611933,USD/USD,Human Capital,Income / wage impacts,HUI 2023 | VI — Valuing Impact
Djibouti,DJI,Middle East & North Africa,Lower middle income,0.8,12458.425007029984,1.605339357801206e-05,0.954310034638505,USD/USD,Human Capital,Income / wage impacts,HUI 2023 | VI — Valuing Impact
Dominica,DMA,Latin America & Caribbean,Upper middle income,0.403,14237.310238825723,7.0764771090855815e-06,0.42066825822670145,USD/USD,Human Capital,Income / wage impacts,HUI 2023 | VI — Valuing Impact
Dominican Republic,DOM,Latin America & Caribbean,Upper middle income,0.378,10461.705520066054,9.03294398974856e-06,0.5369723884145929,USD/USD,Human Capital,Income / wage impacts,HUI 2023 | VI — Valuing Impact
Ecuador,ECU,Latin America & Caribbean,Upper middle income,0.372,8071.769173602779,1.152163769798314e-05,0.6849152745943058,USD/USD,Human Capital,Income / wage impacts,HUI 2023 | VI — Valuing Impact
"Egypt, Arab Rep.",EGY,Middle East & North Africa,Lower middle income,0.467,7252.735141498368,1.6097375365603138e-05,0.9569245759836441,USD/USD,Human Capital,Income / wage impacts,HUI 2023 | VI — Valuing Impact
El Salvador,SLV,Latin America & Caribbean,Upper middle income,0.529,10983.545369907744,1.2040738718331606e-05,0.7157737538499406,USD/USD,Human Capital,Income / wage impacts,HUI 2023 | VI — Valuing Impact
Equatorial Guinea,GNQ,Sub-Saharan Africa,Upper middle income,0.676,9839.936483158075,1.7174907611371122e-05,1.0209795578655676,USD/USD,Human Capital,Income / wage impacts,HUI 2023 | VI — Valuing Impact
Estonia,EST,Europe & Central Asia,High income,0.154,12966.607407043233,2.969165240484375e-06,0.17650499688583415,USD/USD,Human Capital,Income / wage impacts,HUI 2023 | VI — Valuing Impact
Ethiopia,ETH,Sub-Saharan Africa,Low income,0.871,5372.768156417944,4.052845640471023e-05,2.4092546194344044,USD/USD,Human Capital,Income / wage impacts,HUI 2023 | VI — Valuing Impact
Fiji,FJI,East Asia & Pacific,Upper middle income,0.401,8966.418451345555,1.1180606899397595e-05,0.6646423577415894,USD/USD,Human Capital,Income / wage impacts,HUI 2023 | VI — Valuing Impact
Finland,FIN,Europe & Central Asia,High income,0.137,13932.586360135052,2.4582657601892667e-06,0.14613406638021115,USD/USD,Human Capital,Income / wage impacts,HUI 2023 | VI — Valuing Impact
France,FRA,Europe & Central Asia,High income,0.105,15154.662736568238,1.7321401641396271e-06,0.10296880419744428,USD/USD,Human Capital,Income / wage impacts,HUI 2023 | VI — Valuing Impact
Gabon,GAB,Sub-Saharan Africa,Upper middle income,0.474,12533.04259362308,9.45500656482998e-06,0.562062320252883,USD/USD,Human Capital,Income / wage impacts,HUI 2023 | VI — Valuing Impact
"Gambia, The",GMB,Sub-Saharan Africa,Low income,0.851,8077.387063766217,2.6338963122661323e-05,1.5657460017897251,USD/USD,Human Capital,Income / wage impacts,HUI 2023 | VI — Valuing Impact
Georgia,GEO,Europe & Central Asia,Upper middle income,0.276,12152.545853953707,5.67782264138107e-06,0.3375238447395391,USD/USD,Human Capital,Income / wage impacts,HUI 2023 | VI — Valuing Impact
Germany,DEU,Europe & Central Asia,High income,0.03,16683.49453155513,4.495461059320944e-07,0.026723717813239282,USD/USD,Human Capital,Income / wage impacts,HUI 2023 | VI — Valuing Impact
Ghana,GHA,Sub-Saharan Africa,Lower middle income,0.641,11219.206765511826,1.4283541015806326e-05,0.8490993792256228,USD/USD,Human Capital,Income / wage impacts,HUI 2023 | VI — Valuing Impact
Greece,GRC,Europe & Central Asia,High income,0.093,12703.338039245247,1.8302276085366117e-06,0.10879971041706742,USD/USD,Human Capital,Income / wage impacts,HUI 2023 | VI — Valuing Impact
Grenada,GRD,Latin America & Caribbean,Upper middle income,0.336,13194.789406609943,6.366149349675874e-06,0.378442114240832,USD/USD,Human Capital,Income / wage impacts,HUI 2023 | VI — Valuing Impact
Guatemala,GTM,Latin America & Caribbean,Upper middle income,0.547,11903.521586289786,1.1488196917919287e-05,0.6829273539826299,USD/USD,Human Capital,Income / wage impacts,HUI 2023 | VI — Valuing Impact
Guinea,GIN,Sub-Saharan Africa,Lower middle income,0.885,11262.336726271255,1.9645123865271934e-05,1.1678240332949554,USD/USD,Human Capital,Income / wage impacts,HUI 2023 | VI — Valuing Impact
Guinea-Bissau,GNB,Sub-Saharan Africa,Low income,0.88,8714.526678424587,2.5245203568505412e-05,1.5007263713333727,USD/USD,Human Capital,Income / wage impacts,HUI 2023 | VI — Valuing Impact
Guyana,GUY,Latin America & Caribbean,High income,0.512,10361.155132607286,1.235383491143521e-05,0.7343860701451775,USD/USD,Human Capital,Income / wage impacts,HUI 2023 | VI — Valuing Impact
Haiti,HTI,Latin America & Caribbean,Lower middle income,0.825,12387.611669832602,1.6649698545384503e-05,0.9897579797289272,USD/USD,Human Capital,Income / wage impacts,HUI 2023 | VI — Valuing Impact
Honduras,HND,Latin America & Caribbean,Lower middle income,0.6,10748.956032819435,1.3954843571972005e-05,0.8295596309794477,USD/USD,Human Capital,Income / wage impacts,HUI 2023 | VI — Valuing Impact
"Hong Kong SAR, China",HKG,East Asia & Pacific,High income,0.027,16179.765936997597,4.1718774092801036e-07,0.024800142447206505,USD/USD,Human Capital,Income / wage impacts,HUI 2023 | VI — Valuing Impact
Hungary,HUN,Europe & Central Asia,High income,0.219,11193.099019066176,4.891406741487731e-06,0.29077456515447964,USD/USD,Human Capital,Income / wage impacts,HUI 2023 | VI — Valuing Impact
Iceland,ISL,Europe & Central Asia,High income,0.027,25954.260344722363,2.600729094317099e-07,0.015460294174077427,USD/USD,Human Capital,Income / wage impacts,HUI 2023 | VI — Valuing Impact
India,IND,South Asia,Lower middle income,0.58,4351.2730604152275,3.3323580935222466e-05,1.9809535922752348,USD/USD,Human Capital,Income / wage impacts,HUI 2023 | VI — Valuing Impact
Indonesia,IDN,East Asia & Pacific,Upper middle income,0.447,9409.559138651719,1.1876220591564557e-05,0.7059938092861466,USD/USD,Human Capital,Income / wage impacts,HUI 2023 | VI — Valuing Impact
"Iran, Islamic Rep.",IRN,Middle East & North Africa,Lower middle income,0.328,6646.448915298915,1.2337415219012807e-05,0.7334099851094353,USD/USD,Human Capital,Income / wage impacts,HUI 2023 | VI — Valuing Impact
Iraq,IRQ,Middle East & North Africa,Upper middle income,0.527,7996.2027807054055,1.6476570643994768e-05,0.9794662185029129,USD/USD,Human Capital,Income / wage impacts,HUI 2023 | VI — Valuing Impact
Ireland,IRL,Europe & Central Asia,High income,0.016,25887.60930088744,1.5451407480345734e-07,0.009185243690766325,USD/USD,Human Capital,Income / wage impacts,HUI 2023 | VI — Valuing Impact
Israel,ISR,Middle East & North Africa,High income,0.105,20634.426394906142,1.2721458545840717e-06,0.07562398247160473,USD/USD,Human Capital,Income / wage impacts,HUI 2023 | VI — Valuing Impact
Italy,ITA,Europe & Central Asia,High income,0.064,16671.552255780756,9.597186725340529e-07,0.057051436207459304,USD/USD,Human Capital,Income / wage impacts,HUI 2023 | VI — Valuing Impact
Jamaica,JAM,Latin America & Caribbean,Upper middle income,0.418,11318.53064719564,9.232647174559859e-06,0.5488439439388854,USD/USD,Human Capital,Income / wage impacts,HUI 2023 | VI — Valuing Impact
Japan,JPN,East Asia & Pacific,High income,0.081,14851.366363675814,1.3635109056045122e-06,0.08105526929456583,USD/USD,Human Capital,Income / wage impacts,HUI 2023 | VI — Valuing Impact
Jordan,JOR,Middle East & North Africa,Lower middle income,0.427,7048.153944758586,1.5145809929334115e-05,0.9003578170591958,USD/USD,Human Capital,Income / wage impacts,HUI 2023 | VI — Valuing Impact
Kazakhstan,KAZ,Europe & Central Asia,Upper middle income,0.252,10656.179610281848,5.912062512461133e-06,0.3514484681157645,USD/USD,Human Capital,Income / wage impacts,HUI 2023 | VI — Valuing Impact
Kenya,KEN,Sub-Saharan Africa,Lower middle income,0.66,8401.859454986983,1.9638509889862904e-05,1.1674308589127902,USD/USD,Human Capital,Income / wage impacts,HUI 2023 | VI — Valuing Impact
Kiribati,KIR,East Asia & Pacific,Lower middle income,0.607,16396.933382355797,9.254779321314631e-06,0.5501596115348696,USD/USD,Human Capital,Income / wage impacts,HUI 2023 | VI — Valuing Impact
"Korea, Rep.",KOR,East Asia & Pacific,High income,0.087,14813.848139273938,1.4682208022868268e-06,0.08727985381274271,USD/USD,Human Capital,Income / wage impacts,HUI 2023 | VI — Valuing Impact
Kyrgyz Republic,KGZ,Europe & Central Asia,Lower middle income,0.485,7080.987765883108,1.7123317255848733e-05,1.0179127175911837,USD/USD,Human Capital,Income / wage impacts,HUI 2023 | VI — Valuing Impact
Lao PDR,LAO,East Asia & Pacific,Lower middle income,0.638,5871.728242701002,2.7164063697646505e-05,1.6147949305702942,USD/USD,Human Capital,Income / wage impacts,HUI 2023 | VI — Valuing Impact
Latvia,LVA,Europe & Central Asia,High income,0.22,11421.79082576004,4.8153569645099975e-06,0.2862537101122613,USD/USD,Human Capital,Income / wage impacts,HUI 2023 | VI — Valuing Impact
Lebanon,LBN,Middle East & North Africa,Lower middle income,0.399,11431.577479617521,8.725829849629594e-06,0.5187156812410808,USD/USD,Human Capital,Income / wage impacts,HUI 2023 | VI — Valuing Impact
Lesotho,LSO,Sub-Saharan Africa,Lower middle income,0.794,8976.707950341308,2.211278356142273e-05,1.3145165315923357,USD/USD,Human Capital,Income / wage impacts,HUI 2023 | VI — Valuing Impact
Liberia,LBR,Sub-Saharan Africa,Low income,0.88,10315.606558536716,2.1326908771829635e-05,1.2677994188501844,USD/USD,Human Capital,Income / wage impacts,HUI 2023 | VI — Valuing Impact
Lithuania,LTU,Europe & Central Asia,High income,0.148,11617.240826378447,3.1849214932332912e-06,0.18933084308674622,USD/USD,Human Capital,Income / wage impacts,HUI 2023 | VI — Valuing Impact
Luxembourg,LUX,Europe & Central Asia,High income,0.087,21385.995691938988,1.0170206855600469e-06,0.06045781167380255,USD/USD,Human Capital,Income / wage impacts,HUI 2023 | VI — Valuing Impact
"Macao SAR, China",MAC,East Asia & Pacific,High income,0.09,13145.297757213011,1.7116386722890266e-06,0.10175007251289347,USD/USD,Human Capital,Income / wage impacts,HUI 2023 | VI — Valuing Impact
"Macedonia, FYR",MKD,Europe & Central Asia,Upper middle income,0.345,6373.426887240665,1.3532751144077436e-05,0.8044679245108273,USD/USD,Human Capital,Income / wage impacts,HUI 2023 | VI — Valuing Impact
Madagascar,MDG,Sub-Saharan Africa,Low income,0.792,7390.53944078585,2.679100782647962e-05,1.5926182512529075,USD/USD,Human Capital,Income / wage impacts,HUI 2023 | VI — Valuing Impact
Malawi,MWI,Sub-Saharan Africa,Low income,0.874,9099.088191466852,2.4013395122921204e-05,1.427500286477174,USD/USD,Human Capital,Income / wage impacts,HUI 2023 | VI — Valuing Impact
Malaysia,MYS,East Asia & Pacific,Upper middle income,0.279,7247.898955681923,9.623478531708853e-06,0.5720773047959644,USD/USD,Human Capital,Income / wage impacts,HUI 2023 | VI — Valuing Impact
Maldives,MDV,South Asia,Upper middle income,0.407,11128.511922843903,9.143181110417291e-06,0.5435255442898663,USD/USD,Human Capital,Income / wage impacts,HUI 2023 | VI — Valuing Impact
Mali,MLI,Sub-Saharan Africa,Low income,0.963,8225.528747394075,2.9268635171480237e-05,1.7399032864038142,USD/USD,Human Capital,Income / wage impacts,HUI 2023 | VI — Valuing Impact
Malta,MLT,Middle East & North Africa,High income,0.125,13341.919236428206,2.3422417304608124e-06,0.13923690190897345,USD/USD,Human Capital,Income / wage impacts,HUI 2023 | VI — Valuing Impact
Mauritania,MRT,Sub-Saharan Africa,Lower middle income,0.76,8166.882556846776,2.3264691107956714e-05,1.3829928276035948,USD/USD,Human Capital,Income / wage impacts,HUI 2023 | VI — Valuing Impact
Mauritius,MUS,Sub-Saharan Africa,Upper middle income,0.29,7608.498208806484,9.528818698555334e-06,0.5664501563543204,USD/USD,Human Capital,Income / wage impacts,HUI 2023 | VI — Valuing Impact
Mexico,MEX,Latin America & Caribbean,Upper middle income,0.083,11477.912262269285,1.807820056981124e-06,0.10746767110729989,USD/USD,Human Capital,Income / wage impacts,HUI 2023 | VI — Valuing Impact
"Micronesia, Fed. Sts.",FSM,East Asia & Pacific,Lower middle income,0.625,21525.558313914178,7.25881288286955e-06,0.43150739063506327,USD/USD,Human Capital,Income / wage impacts,HUI 2023 | VI — Valuing Impact
Moldova,MDA,Europe & Central Asia,Upper middle income,0.389,8590.720173738886,1.1320354758764594e-05,0.6729498089895201,USD/USD,Human Capital,Income / wage impacts,HUI 2023 | VI — Valuing Impact
Mongolia,MNG,East Asia & Pacific,Lower middle income,0.412,10673.395275837916,9.650162608815587e-06,0.5736635664436514,USD/USD,Human Capital,Income / wage impacts,HUI 2023 | VI — Valuing Impact
Montenegro,MNE,Europe & Central Asia,Upper middle income,0.245,11220.973563156509,5.4585281442165795e-06,0.3244876640610988,USD/USD,Human Capital,Income / wage impacts,HUI 2023 | VI — Valuing Impact
Morocco,MAR,Middle East & North Africa,Lower middle income,0.505,6228.941104921123,2.026829245507832e-05,1.2048689132845858,USD/USD,Human Capital,Income / wage impacts,HUI 2023 | VI — Valuing Impact
Mozambique,MOZ,Sub-Saharan Africa,Low income,0.923,9215.599628823653,2.5039065203992012e-05,1.4884722701165092,USD/USD,Human Capital,Income / wage impacts,HUI 2023 | VI — Valuing Impact
Myanmar,MMR,East Asia & Pacific,Lower middle income,0.692,6083.811556054556,2.8436120745362653e-05,1.6904136338288283,USD/USD,Human Capital,Income / wage impacts,HUI 2023 | VI — Valuing Impact
Namibia,NAM,Sub-Saharan Africa,Upper middle income,0.578,8387.303871716067,1.722842074284294e-05,1.0241606994790413,USD/USD,Human Capital,Income / wage impacts,HUI 2023 | VI — Valuing Impact
Nepal,NPL,South Asia,Lower middle income,0.658,3978.352308935373,4.134877638426674e-05,2.458019360939121,USD/USD,Human Capital,Income / wage impacts,HUI 2023 | VI — Valuing Impact
Netherlands,NLD,Europe & Central Asia,High income,0.116,17832.973839438106,1.626201006130885e-06,0.0966711450104566,USD/USD,Human Capital,Income / wage impacts,HUI 2023 | VI — Valuing Impact
New Zealand,NZL,East Asia & Pacific,High income,0.1,18760.32338574672,1.3325996298653314e-06,0.07921771759697449,USD/USD,Human Capital,Income / wage impacts,HUI 2023 | VI — Valuing Impact
Nicaragua,NIC,Latin America & Caribbean,Lower middle income,0.552,8165.643081344159,1.6900077388305786e-05,1.004642000425226,USD/USD,Human Capital,Income / wage impacts,HUI 2023 | VI — Valuing Impact
Niger,NER,Sub-Saharan Africa,Low income,1.036,9445.333855522147,2.7420947100623393e-05,1.6300656213436582,USD/USD,Human Capital,Income / wage impacts,HUI 2023 | VI — Valuing Impact
Nigeria,NGA,Sub-Saharan Africa,Lower middle income,0.772,9026.469915636111,2.138155910381705e-05,1.2710481624855083,USD/USD,Human Capital,Income / wage impacts,HUI 2023 | VI — Valuing Impact
Norway,NOR,Europe & Central Asia,High income,0.129,20175.188186321975,1.5984981008437036e-06,0.0950243181027548,USD/USD,Human Capital,Income / wage impacts,HUI 2023 | VI — Valuing Impact
Pakistan,PAK,South Asia,Lower middle income,0.74,4148.18942051614,4.459777055623977e-05,2.651159068486229,USD/USD,Human Capital,Income / wage impacts,HUI 2023 | VI — Valuing Impact
Palau,PLW,East Asia & Pacific,Upper middle income,0.25,18715.347044123228,3.339505265526215e-06,0.19852023001447136,USD/USD,Human Capital,Income / wage impacts,HUI 2023 | VI — Valuing Impact
Panama,PAN,Latin America & Caribbean,High income,0.27,17870.818228199118,3.777107412658303e-06,0.22453392725288548,USD/USD,Human Capital,Income / wage impacts,HUI 2023 | VI — Valuing Impact
Papua New Guinea,PNG,East Asia & Pacific,Lower middle income,0.743,16048.613781874852,1.157420837242555e-05,0.6880403909072093,USD/USD,Human Capital,Income / wage impacts,HUI 2023 | VI — Valuing Impact
Paraguay,PRY,Latin America & Caribbean,Upper middle income,0.429,7806.989415559197,1.3737689945659792e-05,0.816650716509692,USD/USD,Human Capital,Income / wage impacts,HUI 2023 | VI — Valuing Impact
Peru,PER,Latin America & Caribbean,Upper middle income,0.339,8459.797062031666,1.0017970806931725e-05,0.5955282925888633,USD/USD,Human Capital,Income / wage impacts,HUI 2023 | VI — Valuing Impact
Philippines,PHL,East Asia & Pacific,Lower middle income,0.447,9400.166647699134,1.1888087114642047e-05,0.7066992266170111,USD/USD,Human Capital,Income / wage impacts,HUI 2023 | VI — Valuing Impact
Poland,POL,Europe & Central Asia,High income,0.209,11461.21002540275,4.558855468505728e-06,0.2710057221807915,USD/USD,Human Capital,Income / wage impacts,HUI 2023 | VI — Valuing Impact
Portugal,PRT,Europe & Central Asia,High income,0.093,14870.862164655395,1.5634601237351175e-06,0.0929414505155578,USD/USD,Human Capital,Income / wage impacts,HUI 2023 | VI — Valuing Impact
Puerto Rico,PRI,Latin America & Caribbean,High income,0.216,17246.11170567801,3.131140567889361e-06,0.18613378219875096,USD/USD,Human Capital,Income / wage impacts,HUI 2023 | VI — Valuing Impact
Qatar,QAT,Middle East & North Africa,High income,0.21,19396.90559742983,2.7066172867777663e-06,0.1608975712297911,USD/USD,Human Capital,Income / wage impacts,HUI 2023 | VI — Valuing Impact
Romania,ROU,Europe & Central Asia,High income,0.15,8294.604864678611,4.521011020029223e-06,0.2687560210966572,USD/USD,Human Capital,Income / wage impacts,HUI 2023 | VI — Valuing Impact
Russian Federation,RUS,Europe & Central Asia,Upper middle income,0.254,10112.970938581933,6.279064815438314e-06,0.373265287018546,USD/USD,Human Capital,Income / wage impacts,HUI 2023 | VI — Valuing Impact
Rwanda,RWA,Sub-Saharan Africa,Low income,0.765,5670.897434554005,3.3724820843112487e-05,2.004805699839665,USD/USD,Human Capital,Income / wage impacts,HUI 2023 | VI — Valuing Impact
Samoa,WSM,East Asia & Pacific,Lower middle income,0.452,14201.779103216926,7.956749586001076e-06,0.47299693588942,USD/USD,Human Capital,Income / wage impacts,HUI 2023 | VI — Valuing Impact
Sao Tome and Principe,STP,Sub-Saharan Africa,Lower middle income,0.616,13623.961465477092,1.130361388574341e-05,0.6719546310519028,USD/USD,Human Capital,Income / wage impacts,HUI 2023 | VI — Valuing Impact
Saudi Arabia,SAU,Middle East & North Africa,High income,0.199,9315.490797620609,5.340566705589715e-06,0.3174753283804862,USD/USD,Human Capital,Income / wage impacts,HUI 2023 | VI — Valuing Impact
Senegal,SEN,Sub-Saharan Africa,Lower middle income,0.821,9253.588699113527,2.2180583844153617e-05,1.3185469871995559,USD/USD,Human Capital,Income / wage impacts,HUI 2023 | VI — Valuing Impact
Serbia,SRB,Europe & Central Asia,Upper middle income,0.287,9815.547246526176,7.309831861427091e-06,0.43454026483439484,USD/USD,Human Capital,Income / wage impacts,HUI 2023 | VI — Valuing Impact
Seychelles,SYC,Sub-Saharan Africa,High income,0.305,10627.580661025753,7.174727949102247e-06,0.42650887766233214,USD/USD,Human Capital,Income / wage impacts,HUI 2023 | VI — Valuing Impact
Sierra Leone,SLE,Sub-Saharan Africa,Low income,0.931,6451.149814458444,3.60788396943373e-05,2.144742704469575,USD/USD,Human Capital,Income / wage impacts,HUI 2023 | VI — Valuing Impact
Singapore,SGP,East Asia & Pacific,High income,0.047,32283.382800586154,3.639643364693077e-07,0.021636223945754464,USD/USD,Human Capital,Income / wage impacts,HUI 2023 | VI — Valuing Impact
Slovak Republic,SVK,Europe & Central Asia,High income,0.127,13201.430441045522,2.4050424036840566e-06,0.14297015072940242,USD/USD,Human Capital,Income / wage impacts,HUI 2023 | VI — Valuing Impact
Slovenia,SVN,Europe & Central Asia,High income,0.144,13629.464788378555,2.6413362930212888e-06,0.15701687727494354,USD/USD,Human Capital,Income / wage impacts,HUI 2023 | VI — Valuing Impact
Solomon Islands,SLB,East Asia & Pacific,Lower middle income,0.721,18733.013459017,9.6220504188683e-06,0.5719924092000449,USD/USD,Human Capital,Income / wage impacts,HUI 2023 | VI — Valuing Impact
Somalia,SOM,Sub-Saharan Africa,Low income,1.234,8546.191117984894,3.609795237913439e-05,2.145878877130023,USD/USD,Human Capital,Income / wage impacts,HUI 2023 | VI — Valuing Impact
South Africa,ZAF,Sub-Saharan Africa,Upper middle income,0.463,10668.94905287557,1.0849241047673974e-05,0.644943983320027,USD/USD,Human Capital,Income / wage impacts,HUI 2023 | VI — Valuing Impact
Spain,ESP,Europe & Central Asia,High income,0.108,14982.161013286608,1.8021432272724628e-06,0.10713020628843882,USD/USD,Human Capital,Income / wage impacts,HUI 2023 | VI — Valuing Impact
Sri Lanka,LKA,South Asia,Lower middle income,0.33,6901.641810612933,1.1953677438480858e-05,0.7105983090079331,USD/USD,Human Capital,Income / wage impacts,HUI 2023 | VI — Valuing Impact
St. Kitts and Nevis,KNA,Latin America & Caribbean,High income,0.336,13806.296821510408,6.084180362479735e-06,0.3616801858279703,USD/USD,Human Capital,Income / wage impacts,HUI 2023 | VI — Valuing Impact
St. Lucia,LCA,Latin America & Caribbean,Upper middle income,0.372,16630.612305418712,5.592097169488945e-06,0.33242780833743985,USD/USD,Human Capital,Income / wage impacts,HUI 2023 | VI — Valuing Impact
St. Vincent and the Grenadines,VCT,Latin America & Caribbean,Upper middle income,0.41,12416.475200240811,8.2551608525753e-06,0.49073629204219127,USD/USD,Human Capital,Income / wage impacts,HUI 2023 | VI — Valuing Impact
Sudan,SDN,Sub-Saharan Africa,Low income,0.825,6764.829483642849,3.048857336296594e-05,1.8124237321348733,USD/USD,Human Capital,Income / wage impacts,HUI 2023 | VI — Valuing Impact
Suriname,SUR,Latin America & Caribbean,Upper middle income,0.41,8200.864061961065,1.2498682971156244e-05,0.742996707903354,USD/USD,Human Capital,Income / wage impacts,HUI 2023 | VI — Valuing Impact
Swaziland,SWZ,Sub-Saharan Africa,Lower middle income,0.641,9104.524241249372,1.7601139362556044e-05,1.0463173305465066,USD/USD,Human Capital,Income / wage impacts,HUI 2023 | VI — Valuing Impact
Sweden,SWE,Europe & Central Asia,High income,0.12,19647.542930298026,1.526908484507632e-06,0.09076860177004069,USD/USD,Human Capital,Income / wage impacts,HUI 2023 | VI — Valuing Impact
Switzerland,CHE,Europe & Central Asia,High income,0.016,30356.35845181949,1.3176811066942218e-07,0.00783308710685447,USD/USD,Human Capital,Income / wage impacts,HUI 2023 | VI — Valuing Impact
Syrian Arab Republic,SYR,Middle East & North Africa,Low income,0.721,5741.170185359439,3.139603846958859e-05,1.8663689028631631,USD/USD,Human Capital,Income / wage impacts,HUI 2023 | VI — Valuing Impact
Taiwan,TWN,East Asia & Pacific,High income,0.087,11366.2209763916,1.913564767496268e-06,0.11375377116858315,USD/USD,Human Capital,Income / wage impacts,HUI 2023 | VI — Valuing Impact
Tajikistan,TJK,Europe & Central Asia,Lower middle income,0.538,5806.007115393784,2.316566227474865e-05,1.3771059595847082,USD/USD,Human Capital,Income / wage impacts,HUI 2023 | VI — Valuing Impact
Tanzania,TZA,Sub-Saharan Africa,Lower middle income,0.791,8543.606059385289,2.31459642012366e-05,1.3759349879067109,USD/USD,Human Capital,Income / wage impacts,HUI 2023 | VI — Valuing Impact
Thailand,THA,East Asia & Pacific,Upper middle income,0.339,10164.719625483467,8.337662338224014e-06,0.4956406753580647,USD/USD,Human Capital,Income / wage impacts,HUI 2023 | VI — Valuing Impact
Timor-Leste,TLS,East Asia & Pacific,Lower middle income,0.65,12056.00071176178,1.3478764964028721e-05,0.8012586620516513,USD/USD,Human Capital,Income / wage impacts,HUI 2023 | VI — Valuing Impact
Togo,TGO,Sub-Saharan Africa,Low income,0.816,8887.807714331784,2.2952791797131875e-05,1.3644516611723014,USD/USD,Human Capital,Income / wage impacts,HUI 2023 | VI — Valuing Impact
Tonga,TON,East Asia & Pacific,Upper middle income,0.434,14997.789438113845,7.234399472516211e-06,0.4300561110431987,USD/USD,Human Capital,Income / wage impacts,HUI 2023 | VI — Valuing Impact
Trinidad and Tobago,TTO,Latin America & Caribbean,High income,0.305,11043.617202736903,6.904440691868894e-06,0.4104413813688383,USD/USD,Human Capital,Income / wage impacts,HUI 2023 | VI — Valuing Impact
Tunisia,TUN,Middle East & North Africa,Lower middle income,0.407,5531.414360723929,1.8394933621766018e-05,1.0935052240795027,USD/USD,Human Capital,Income / wage impacts,HUI 2023 | VI — Valuing Impact
Turkey,TUR,Europe & Central Asia,Upper middle income,0.09,7263.8921531485485,3.0975129483781404e-06,0.18413475472928695,USD/USD,Human Capital,Income / wage impacts,HUI 2023 | VI — Valuing Impact
Turkmenistan,TKM,Europe & Central Asia,Upper middle income,0.452,11888.054769105245,9.505339788109417e-06,0.5650544290439524,USD/USD,Human Capital,Income / wage impacts,HUI 2023 | VI — Valuing Impact
Uganda,UGA,Sub-Saharan Africa,Low income,0.763,5681.627504220873,3.35731266891911e-05,1.995788089165654,USD/USD,Human Capital,Income / wage impacts,HUI 2023 | VI — Valuing Impact
Ukraine,UKR,Europe & Central Asia,Lower middle income,0.336,6921.770167848888,1.213562397523307e-05,0.721414302831705,USD/USD,Human Capital,Income / wage impacts,HUI 2023 | VI — Valuing Impact
United Arab Emirates,ARE,Middle East & North Africa,High income,0.134,21657.948693905855,1.5467762193668082e-06,0.09194965913647928,USD/USD,Human Capital,Income / wage impacts,HUI 2023 | VI — Valuing Impact
United Kingdom,GBR,Europe & Central Asia,High income,0.093,20024.52610462246,1.1610761662236278e-06,0.06902133377732979,USD/USD,Human Capital,Income / wage impacts,HUI 2023 | VI — Valuing Impact
United States,USA,North America,High income,0.125,26428.426170528077,1.1824389314127509e-06,0.07029126471676239,USD/USD,Human Capital,Income / wage impacts,HUI 2023 | VI — Valuing Impact
Uruguay,URY,Latin America & Caribbean,High income,0.267,14720.037434948774,4.5346352069404435e-06,0.26956592451178163,USD/USD,Human Capital,Income / wage impacts,HUI 2023 | VI — Valuing Impact
Uzbekistan,UZB,Europe & Central Asia,Lower middle income,0.443,9626.3369143663,1.1504895474281315e-05,0.683920016364127,USD/USD,Human Capital,Income / wage impacts,HUI 2023 | VI — Valuing Impact
Vanuatu,VUT,East Asia & Pacific,Lower middle income,0.645,21915.760263122876,7.357718740487023e-06,0.4373869482469916,USD/USD,Human Capital,Income / wage impacts,HUI 2023 | VI — Valuing Impact
"Venezuela, RB",VEN,Latin America & Caribbean,0,0.459,8323.256911654233,1.3786670436584379e-05,0.8195624107731949,USD/USD,Human Capital,Income / wage impacts,HUI 2023 | VI — Valuing Impact
Vietnam,VNM,East Asia & Pacific,Lower middle income,0.472,9436.252453927746,1.250496429341329e-05,0.7433701073862464,USD/USD,Human Capital,Income / wage impacts,HUI 2023 | VI — Valuing Impact
West Bank and Gaza,PSE,Middle East & North Africa,Upper middle income,0.465,13057.132141702488,8.903180172981113e-06,0.5292584485630352,USD/USD,Human Capital,Income / wage impacts,HUI 2023 | VI — Valuing Impact
"Yemen, Rep.",YEM,Middle East & North Africa,Low income,0.898,5741.170185359439,3.910352641565958e-05,2.3245482313052994,USD/USD,Human Capital,Income / wage impacts,HUI 2023 | VI — Valuing Impact
Zambia,ZMB,Sub-Saharan Africa,Lower middle income,0.69,8974.99059399428,1.922007585338645e-05,1.142556629180411,USD/USD,Human Capital,Income / wage impacts,HUI 2023 | VI — Valuing Impact
Zimbabwe,ZWE,Sub-Saharan Africa,Lower middle income,0.714,8280.6095481068,2.155638409986503e-05,1.2814408092005767,USD/USD,Human Capital,Income / wage impacts,HUI 2023 | VI — Valuing Impact
Kosovo,XKX,Europe & Central Asia,Upper middle income,0.118,8769.869784561692,3.363789967774804e-06,0.199963858424341,USD/USD,Human Capital,Income / wage impacts,HUI 2023 | VI — Valuing Impact
Aruba,ABW,Latin America & Caribbean,High income,0.276,15631.589234209616,4.414138509281835e-06,0.26240287782276794,USD/USD,Human Capital,Income / wage impacts,HUI 2023 | VI — Valuing Impact
Andorra,AND,Europe & Central Asia,High income,0.118,12922.452614490161,2.2828483787142046e-06,0.1357062047210446,USD/USD,Human Capital,Income / wage impacts,HUI 2023 | VI — Valuing Impact
Bahrain,BHR,Middle East & North Africa,High income,0.155,12848.994093059988,3.015800281278804e-06,0.1792772635208998,USD/USD,Human Capital,Income / wage impacts,HUI 2023 | VI — Valuing Impact
Bermuda,BMU,North America,High income,0.1,12082.151864945557,2.0691678336318156e-06,0.12300375103807691,USD/USD,Human Capital,Income / wage impacts,HUI 2023 | VI — Valuing Impact
Cayman Islands,CYM,Latin America & Caribbean,High income,0.276,26121.940859816237,2.6414576302078575e-06,0.1570240902853363,USD/USD,Human Capital,Income / wage impacts,HUI 2023 | VI — Valuing Impact
Eritrea,ERI,Sub-Saharan Africa,Low income,0.911,8100.232391702581,2.811647727950302e-05,1.6714121083573363,USD/USD,Human Capital,Income / wage impacts,HUI 2023 | VI — Valuing Impact
Greenland,GRL,Europe & Central Asia,High income,0.118,12922.452614490161,2.2828483787142046e-06,0.1357062047210446,USD/USD,Human Capital,Income / wage impacts,HUI 2023 | VI — Valuing Impact
Kuwait,KWT,Middle East & North Africa,High income,0.155,12011.91720357024,3.225962961889426e-06,0.19177059423247883,USD/USD,Human Capital,Income / wage impacts,HUI 2023 | VI — Valuing Impact
Libya,LBY,Middle East & North Africa,Upper middle income,0.451,7309.182102353099,1.5425802561917503e-05,0.9170022590957478,USD/USD,Human Capital,Income / wage impacts,HUI 2023 | VI — Valuing Impact
Liechtenstein,LIE,Europe & Central Asia,High income,0.118,12922.452614490161,2.2828483787142046e-06,0.1357062047210446,USD/USD,Human Capital,Income / wage impacts,HUI 2023 | VI — Valuing Impact
Monaco,MCO,Europe & Central Asia,High income,0.118,12922.452614490161,2.2828483787142046e-06,0.1357062047210446,USD/USD,Human Capital,Income / wage impacts,HUI 2023 | VI — Valuing Impact
New Caledonia,NCL,East Asia & Pacific,High income,0.111,11366.2209763916,2.441444703357308e-06,0.1451341218357785,USD/USD,Human Capital,Income / wage impacts,HUI 2023 | VI — Valuing Impact
Oman,OMN,Middle East & North Africa,High income,0.155,10553.27755308204,3.6718450552533063e-06,0.21827650115458805,USD/USD,Human Capital,Income / wage impacts,HUI 2023 | VI — Valuing Impact
North Korea,PRK,South Asia,Low income,0.823,7221.483332510408,2.849137642868103e-05,1.6936983631793725,USD/USD,Human Capital,Income / wage impacts,HUI 2023 | VI — Valuing Impact
French Polynesia,PYF,East Asia & Pacific,High income,0.111,11366.2209763916,2.441444703357308e-06,0.1451341218357785,USD/USD,Human Capital,Income / wage impacts,HUI 2023 | VI — Valuing Impact
South Sudan,SSD,Sub-Saharan Africa,Low income,0.911,8100.232391702581,2.811647727950302e-05,1.6714121083573363,USD/USD,Human Capital,Income / wage impacts,HUI 2023 | VI — Valuing Impact
San Marino,SMR,Europe & Central Asia,High income,0.118,18273.767187672107,1.614335987595451e-06,0.09596581711859918,USD/USD,Human Capital,Income / wage impacts,HUI 2023 | VI — Valuing Impact
British Virgin Islands,VGB,Latin America & Caribbean,High income,0.276,14440.357405453351,4.778275084378617e-06,0.28404934066597126,USD/USD,Human Capital,Income / wage impacts,HUI 2023 | VI — Valuing Impact
